<?xml version="1.0"?>
<testResults>
  <FitNesseVersion>v20231203</FitNesseVersion>
  <rootPath>SystemInformacyjny.TestDodawanieUtrudnienia</rootPath>
  <result>
    <counts>
      <right>15</right>
      <wrong>13</wrong>
      <ignores>0</ignores>
      <exceptions>0</exceptions>
    </counts>
    <date>2024-01-22T16:24:30+01:00</date>
    <runTimeInMillis>44</runTimeInMillis>
    <content>&lt;div class="collapsible closed"&gt;&lt;ul&gt;&lt;li&gt;&lt;a href='#' class='expandall'&gt;Expand&lt;/a&gt;&lt;/li&gt;&lt;li&gt;&lt;a href='#' class='collapseall'&gt;Collapse&lt;/a&gt;&lt;/li&gt;&lt;/ul&gt;
	&lt;p class="title"&gt;Included page: &lt;a href="SystemInformacyjny.SetUp"&gt;.SystemInformacyjny.SetUp&lt;/a&gt; &lt;a href="SystemInformacyjny.SetUp?edit&amp;amp;redirectToReferer=true&amp;amp;redirectAction=" class="edit"&gt;(edit)&lt;/a&gt;&lt;/p&gt;
	&lt;div&gt;&lt;div class="contents"&gt;
	&lt;b&gt;Contents:&lt;/b&gt;
	&lt;ul class="toc1"/&gt;
&lt;/div&gt;
&lt;br/&gt;&lt;table&gt;
	&lt;tr&gt;
		&lt;td&gt;testyfitnessefixture.SetUp&lt;/td&gt;
	&lt;/tr&gt;
&lt;/table&gt;
&lt;/div&gt;
&lt;/div&gt;
&lt;br/&gt;&lt;table&gt;
	&lt;tr&gt;
		&lt;td colspan="4"&gt;testyfitnessefixture.TestDodawanieUtrudnienia&lt;/td&gt;
	&lt;/tr&gt;
	&lt;tr&gt;
		&lt;td&gt;daneUtrudnien&lt;/td&gt;
		&lt;td&gt;idLinii&lt;/td&gt;
		&lt;td&gt;idKursu&lt;/td&gt;
		&lt;td&gt;liczbaUtrudnien?&lt;/td&gt;
	&lt;/tr&gt;
	&lt;tr&gt;
		&lt;td&gt;"samochód", "rzeka"&lt;/td&gt;
		&lt;td&gt;1&lt;/td&gt;
		&lt;td&gt;2&lt;/td&gt;
		&lt;td class="pass"&gt;2&lt;/td&gt;
	&lt;/tr&gt;
	&lt;tr&gt;
		&lt;td&gt;"kot", "drzewo", "dom"&lt;/td&gt;
		&lt;td&gt;3&lt;/td&gt;
		&lt;td&gt;4&lt;/td&gt;
		&lt;td class="pass"&gt;3&lt;/td&gt;
	&lt;/tr&gt;
	&lt;tr&gt;
		&lt;td&gt;"telefon", "kwiat"&lt;/td&gt;
		&lt;td&gt;5&lt;/td&gt;
		&lt;td&gt;6&lt;/td&gt;
		&lt;td class="pass"&gt;2&lt;/td&gt;
	&lt;/tr&gt;
	&lt;tr&gt;
		&lt;td&gt;"książka", "papier"&lt;/td&gt;
		&lt;td&gt;7&lt;/td&gt;
		&lt;td&gt;8&lt;/td&gt;
		&lt;td class="pass"&gt;2&lt;/td&gt;
	&lt;/tr&gt;
	&lt;tr&gt;
		&lt;td&gt;"woda", "słońce", "chmura"&lt;/td&gt;
		&lt;td&gt;9&lt;/td&gt;
		&lt;td&gt;10&lt;/td&gt;
		&lt;td class="pass"&gt;3&lt;/td&gt;
	&lt;/tr&gt;
	&lt;tr&gt;
		&lt;td&gt;"kawa", "herbata"&lt;/td&gt;
		&lt;td&gt;11&lt;/td&gt;
		&lt;td&gt;12&lt;/td&gt;
		&lt;td class="pass"&gt;2&lt;/td&gt;
	&lt;/tr&gt;
	&lt;tr&gt;
		&lt;td&gt;"samochód"&lt;/td&gt;
		&lt;td&gt;1&lt;/td&gt;
		&lt;td&gt;2&lt;/td&gt;
		&lt;td class="pass"&gt;3&lt;/td&gt;
	&lt;/tr&gt;
	&lt;tr&gt;
		&lt;td&gt;"kot", "drzewo"&lt;/td&gt;
		&lt;td&gt;3&lt;/td&gt;
		&lt;td&gt;4&lt;/td&gt;
		&lt;td class="pass"&gt;5&lt;/td&gt;
	&lt;/tr&gt;
	&lt;tr&gt;
		&lt;td&gt;"telefon", "kwiat", "słońce"&lt;/td&gt;
		&lt;td&gt;5&lt;/td&gt;
		&lt;td&gt;6&lt;/td&gt;
		&lt;td class="pass"&gt;5&lt;/td&gt;
	&lt;/tr&gt;
	&lt;tr&gt;
		&lt;td&gt;"książka", "papier", "dolina", "dom"&lt;/td&gt;
		&lt;td&gt;7&lt;/td&gt;
		&lt;td&gt;8&lt;/td&gt;
		&lt;td class="fail"&gt;9 &lt;span class="fit_label"&gt;expected&lt;/span&gt;&lt;hr&gt;6 &lt;span class="fit_label"&gt;actual&lt;/span&gt;&lt;/td&gt;
	&lt;/tr&gt;
	&lt;tr&gt;
		&lt;td&gt;"woda"&lt;/td&gt;
		&lt;td&gt;9&lt;/td&gt;
		&lt;td&gt;10&lt;/td&gt;
		&lt;td class="pass"&gt;4&lt;/td&gt;
	&lt;/tr&gt;
	&lt;tr&gt;
		&lt;td&gt;"kawa", "herbata"&lt;/td&gt;
		&lt;td&gt;11&lt;/td&gt;
		&lt;td&gt;12&lt;/td&gt;
		&lt;td class="pass"&gt;4&lt;/td&gt;
	&lt;/tr&gt;
	&lt;tr&gt;
		&lt;td&gt;"góra"&lt;/td&gt;
		&lt;td&gt;13&lt;/td&gt;
		&lt;td&gt;14&lt;/td&gt;
		&lt;td class="pass"&gt;1&lt;/td&gt;
	&lt;/tr&gt;
	&lt;tr&gt;
		&lt;td&gt;"noga", "ręka"&lt;/td&gt;
		&lt;td&gt;15&lt;/td&gt;
		&lt;td&gt;16&lt;/td&gt;
		&lt;td class="fail"&gt;4 &lt;span class="fit_label"&gt;expected&lt;/span&gt;&lt;hr&gt;2 &lt;span class="fit_label"&gt;actual&lt;/span&gt;&lt;/td&gt;
	&lt;/tr&gt;
	&lt;tr&gt;
		&lt;td&gt;"jabłko", "gruszka"&lt;/td&gt;
		&lt;td&gt;17&lt;/td&gt;
		&lt;td&gt;18&lt;/td&gt;
		&lt;td class="fail"&gt;4 &lt;span class="fit_label"&gt;expected&lt;/span&gt;&lt;hr&gt;2 &lt;span class="fit_label"&gt;actual&lt;/span&gt;&lt;/td&gt;
	&lt;/tr&gt;
	&lt;tr&gt;
		&lt;td&gt;"kwadrat", "trójkąt", "drzwi"&lt;/td&gt;
		&lt;td&gt;19&lt;/td&gt;
		&lt;td&gt;20&lt;/td&gt;
		&lt;td class="fail"&gt;6 &lt;span class="fit_label"&gt;expected&lt;/span&gt;&lt;hr&gt;3 &lt;span class="fit_label"&gt;actual&lt;/span&gt;&lt;/td&gt;
	&lt;/tr&gt;
	&lt;tr&gt;
		&lt;td&gt;"oczy", "uszy"&lt;/td&gt;
		&lt;td&gt;21&lt;/td&gt;
		&lt;td&gt;22&lt;/td&gt;
		&lt;td class="fail"&gt;4 &lt;span class="fit_label"&gt;expected&lt;/span&gt;&lt;hr&gt;2 &lt;span class="fit_label"&gt;actual&lt;/span&gt;&lt;/td&gt;
	&lt;/tr&gt;
	&lt;tr&gt;
		&lt;td&gt;"kłódka", "klucz", "serce"&lt;/td&gt;
		&lt;td&gt;23&lt;/td&gt;
		&lt;td&gt;24&lt;/td&gt;
		&lt;td class="fail"&gt;5 &lt;span class="fit_label"&gt;expected&lt;/span&gt;&lt;hr&gt;3 &lt;span class="fit_label"&gt;actual&lt;/span&gt;&lt;/td&gt;
	&lt;/tr&gt;
	&lt;tr&gt;
		&lt;td&gt;"noga", "ręka", "głowa"&lt;/td&gt;
		&lt;td&gt;25&lt;/td&gt;
		&lt;td&gt;26&lt;/td&gt;
		&lt;td class="fail"&gt;8 &lt;span class="fit_label"&gt;expected&lt;/span&gt;&lt;hr&gt;3 &lt;span class="fit_label"&gt;actual&lt;/span&gt;&lt;/td&gt;
	&lt;/tr&gt;
	&lt;tr&gt;
		&lt;td&gt;"góra", "dolina"&lt;/td&gt;
		&lt;td&gt;13&lt;/td&gt;
		&lt;td&gt;14&lt;/td&gt;
		&lt;td class="fail"&gt;6 &lt;span class="fit_label"&gt;expected&lt;/span&gt;&lt;hr&gt;3 &lt;span class="fit_label"&gt;actual&lt;/span&gt;&lt;/td&gt;
	&lt;/tr&gt;
	&lt;tr&gt;
		&lt;td&gt;"noga", "ręka"&lt;/td&gt;
		&lt;td&gt;15&lt;/td&gt;
		&lt;td&gt;16&lt;/td&gt;
		&lt;td class="fail"&gt;6 &lt;span class="fit_label"&gt;expected&lt;/span&gt;&lt;hr&gt;4 &lt;span class="fit_label"&gt;actual&lt;/span&gt;&lt;/td&gt;
	&lt;/tr&gt;
	&lt;tr&gt;
		&lt;td&gt;"jabłko", "gruszka"&lt;/td&gt;
		&lt;td&gt;17&lt;/td&gt;
		&lt;td&gt;18&lt;/td&gt;
		&lt;td class="fail"&gt;6 &lt;span class="fit_label"&gt;expected&lt;/span&gt;&lt;hr&gt;4 &lt;span class="fit_label"&gt;actual&lt;/span&gt;&lt;/td&gt;
	&lt;/tr&gt;
	&lt;tr&gt;
		&lt;td&gt;"kwadrat", "trójkąt"&lt;/td&gt;
		&lt;td&gt;19&lt;/td&gt;
		&lt;td&gt;20&lt;/td&gt;
		&lt;td class="fail"&gt;8 &lt;span class="fit_label"&gt;expected&lt;/span&gt;&lt;hr&gt;5 &lt;span class="fit_label"&gt;actual&lt;/span&gt;&lt;/td&gt;
	&lt;/tr&gt;
	&lt;tr&gt;
		&lt;td&gt;"okno", "drzwi"&lt;/td&gt;
		&lt;td&gt;21&lt;/td&gt;
		&lt;td&gt;22&lt;/td&gt;
		&lt;td class="pass"&gt;4&lt;/td&gt;
	&lt;/tr&gt;
	&lt;tr&gt;
		&lt;td&gt;"kłódka", "klucz"&lt;/td&gt;
		&lt;td&gt;23&lt;/td&gt;
		&lt;td&gt;24&lt;/td&gt;
		&lt;td class="pass"&gt;5&lt;/td&gt;
	&lt;/tr&gt;
	&lt;tr&gt;
		&lt;td&gt;"oczy", "uszy"&lt;/td&gt;
		&lt;td&gt;25&lt;/td&gt;
		&lt;td&gt;26&lt;/td&gt;
		&lt;td class="fail"&gt;6 &lt;span class="fit_label"&gt;expected&lt;/span&gt;&lt;hr&gt;5 &lt;span class="fit_label"&gt;actual&lt;/span&gt;&lt;/td&gt;
	&lt;/tr&gt;
	&lt;tr&gt;
		&lt;td&gt;"serce", "rozum"&lt;/td&gt;
		&lt;td&gt;27&lt;/td&gt;
		&lt;td&gt;28&lt;/td&gt;
		&lt;td class="pass"&gt;2&lt;/td&gt;
	&lt;/tr&gt;
	&lt;tr&gt;
		&lt;td&gt;"noga", "ręka", "głowa"&lt;/td&gt;
		&lt;td&gt;29&lt;/td&gt;
		&lt;td&gt;30&lt;/td&gt;
		&lt;td class="fail"&gt;11 &lt;span class="fit_label"&gt;expected&lt;/span&gt;&lt;hr&gt;3 &lt;span class="fit_label"&gt;actual&lt;/span&gt;&lt;/td&gt;
	&lt;/tr&gt;
&lt;/table&gt;
</content>
    <relativePageName>TestDodawanieUtrudnienia</relativePageName>
  </result>
  <executionLog>
    <testSystem>fit:fit.FitServer</testSystem>
    <command>java -cp ../SystemInformacyjnyFitnesse/build/classes;D:\studies\sem5\io_lab\autobus\kod\fitnesse-jar\fitnesse-standalone.jar fit.FitServer LAPTOP-2LP81CLG 65094 3863</command>
    <exitCode>13</exitCode>
    <stdOut></stdOut>
    <stdErr></stdErr>
  </executionLog>
  <finalCounts>
    <right>0</right>
    <wrong>1</wrong>
    <ignores>0</ignores>
    <exceptions>0</exceptions>
  </finalCounts>
  <totalRunTimeInMillis>459</totalRunTimeInMillis>
</testResults>

