<?xml version="1.0"?>
<testResults>
  <FitNesseVersion>v20231203</FitNesseVersion>
  <rootPath>SystemInformacyjny.TestDodawanieUtrudnienia</rootPath>
  <result>
    <counts>
      <right>0</right>
      <wrong>0</wrong>
      <ignores>0</ignores>
      <exceptions>1</exceptions>
    </counts>
    <date>2024-01-22T16:04:55+01:00</date>
    <runTimeInMillis>56</runTimeInMillis>
    <content>&lt;div class="collapsible closed"&gt;&lt;ul&gt;&lt;li&gt;&lt;a href='#' class='expandall'&gt;Expand&lt;/a&gt;&lt;/li&gt;&lt;li&gt;&lt;a href='#' class='collapseall'&gt;Collapse&lt;/a&gt;&lt;/li&gt;&lt;/ul&gt;
	&lt;p class="title"&gt;Included page: &lt;a href="SystemInformacyjny.SetUp"&gt;.SystemInformacyjny.SetUp&lt;/a&gt; &lt;a href="SystemInformacyjny.SetUp?edit&amp;amp;redirectToReferer=true&amp;amp;redirectAction=" class="edit"&gt;(edit)&lt;/a&gt;&lt;/p&gt;
	&lt;div&gt;&lt;div class="contents"&gt;
	&lt;b&gt;Contents:&lt;/b&gt;
	&lt;ul class="toc1"/&gt;
&lt;/div&gt;
&lt;br/&gt;&lt;table&gt;
	&lt;tr&gt;
		&lt;td&gt;testyfitnessefixture.SetUp&lt;/td&gt;
	&lt;/tr&gt;
&lt;/table&gt;
&lt;/div&gt;
&lt;/div&gt;
&lt;br/&gt;&lt;table&gt;
	&lt;tr&gt;
		&lt;td colspan="4"&gt;testyfitnessefixture.TestDodawanieUtrudnienia&lt;/td&gt;
	&lt;/tr&gt;
	&lt;tr&gt;
		&lt;td&gt;daneUtrudnien&lt;/td&gt;
		&lt;td&gt;idLinii&lt;/td&gt;
		&lt;td&gt;idKursu&lt;/td&gt;
		&lt;td&gt;liczbaUtrudnien?&lt;/td&gt;
	&lt;/tr&gt;
	&lt;tr&gt;
		&lt;td&gt;"a","b"&lt;/td&gt;
		&lt;td&gt;1&lt;/td&gt;
		&lt;td&gt;2&lt;/td&gt;
		&lt;td class="error"&gt;2&lt;hr&gt;&lt;pre&gt;&lt;div class="fit_stacktrace"&gt;java.lang.NullPointerException: Cannot invoke "systeminformacyjny.model.Kurs.getUtrudnienia()" because "kurs" is null
	at testyfitnessefixture.TestDodawanieUtrudnienia.liczbaUtrudnien(TestDodawanieUtrudnienia.java:43)
	at java.base/jdk.internal.reflect.DirectMethodHandleAccessor.invoke(DirectMethodHandleAccessor.java:104)
	at java.base/java.lang.reflect.Method.invoke(Method.java:578)
	at fit.TypeAdapter.invoke(TypeAdapter.java:108)
	at fit.TypeAdapter.get(TypeAdapter.java:97)
	at fit.Fixture$CellComparator.compareCellToResult(Fixture.java:374)
	at fit.Fixture.compareCellToResult(Fixture.java:302)
	at fit.Fixture.check(Fixture.java:298)
	at fit.ColumnFixture.check(ColumnFixture.java:45)
	at fit.Binding$QueryBinding.doCell(Binding.java:224)
	at fit.ColumnFixture.doCell(ColumnFixture.java:32)
	at fit.Fixture.doCells(Fixture.java:174)
	at fit.Fixture.doRow(Fixture.java:168)
	at fit.ColumnFixture.doRow(ColumnFixture.java:21)
	at fit.Fixture.doRows(Fixture.java:162)
	at fit.ColumnFixture.doRows(ColumnFixture.java:13)
	at fit.Fixture.doTable(Fixture.java:156)
	at fit.Fixture.interpretFollowingTables(Fixture.java:121)
	at fit.Fixture.interpretTables(Fixture.java:107)
	at fit.Fixture.doTables(Fixture.java:81)
	at fit.FitServer.process(FitServer.java:81)
	at fit.FitServer.run(FitServer.java:56)
	at fit.FitServer.main(FitServer.java:41)
&lt;/div&gt;&lt;/pre&gt;&lt;/td&gt;
	&lt;/tr&gt;
&lt;/table&gt;
</content>
    <relativePageName>TestDodawanieUtrudnienia</relativePageName>
  </result>
  <executionLog>
    <testSystem>fit:fit.FitServer</testSystem>
    <command>java -cp ../SystemInformacyjnyFitnesse/build/classes;D:\studies\sem5\io_lab\autobus\kod\fitnesse-jar\fitnesse-standalone.jar fit.FitServer LAPTOP-2LP81CLG 52365 3863</command>
    <exitCode>1</exitCode>
    <stdOut></stdOut>
    <stdErr></stdErr>
  </executionLog>
  <finalCounts>
    <right>0</right>
    <wrong>0</wrong>
    <ignores>0</ignores>
    <exceptions>1</exceptions>
  </finalCounts>
  <totalRunTimeInMillis>453</totalRunTimeInMillis>
</testResults>

