<?xml version="1.0"?>
<testResults>
  <FitNesseVersion>v20231203</FitNesseVersion>
  <rootPath>SystemInformacyjny.TestTest</rootPath>
  <result>
    <counts>
      <right>0</right>
      <wrong>0</wrong>
      <ignores>0</ignores>
      <exceptions>2</exceptions>
    </counts>
    <date>2024-01-18T17:01:23+01:00</date>
    <runTimeInMillis>3</runTimeInMillis>
    <content>&lt;div class="collapsible closed"&gt;&lt;ul&gt;&lt;li&gt;&lt;a href='#' class='expandall'&gt;Expand&lt;/a&gt;&lt;/li&gt;&lt;li&gt;&lt;a href='#' class='collapseall'&gt;Collapse&lt;/a&gt;&lt;/li&gt;&lt;/ul&gt;
	&lt;p class="title"&gt;Included page: &lt;a href="SystemInformacyjny.SetUp"&gt;.SystemInformacyjny.SetUp&lt;/a&gt; &lt;a href="SystemInformacyjny.SetUp?edit&amp;amp;redirectToReferer=true&amp;amp;redirectAction=" class="edit"&gt;(edit)&lt;/a&gt;&lt;/p&gt;
	&lt;div&gt;&lt;div class="contents"&gt;
	&lt;b&gt;Contents:&lt;/b&gt;
	&lt;ul class="toc1"/&gt;
&lt;/div&gt;
&lt;br/&gt;&lt;table&gt;
	&lt;tr&gt;
		&lt;td class="error"&gt;testyfitnessfixture.SetUp&lt;hr/&gt; &lt;span class="fit_label"&gt;Could not find fixture: testyfitnessfixture.SetUp.&lt;/span&gt;&lt;/td&gt;
	&lt;/tr&gt;
&lt;/table&gt;
&lt;/div&gt;
&lt;/div&gt;
&lt;br/&gt;&lt;table&gt;
	&lt;tr&gt;
		&lt;td colspan="3" class="error"&gt;testyfitnessfixture.TestTest&lt;hr/&gt; &lt;span class="fit_label"&gt;Could not find fixture: testyfitnessfixture.TestTest.&lt;/span&gt;&lt;/td&gt;
	&lt;/tr&gt;
	&lt;tr&gt;
		&lt;td&gt;dane&lt;/td&gt;
		&lt;td&gt;dodajProdukt?&lt;/td&gt;
		&lt;td&gt;liczbaProduktow?&lt;/td&gt;
	&lt;/tr&gt;
	&lt;tr&gt;
		&lt;td&gt;0,1,0&lt;/td&gt;
		&lt;td&gt;true&lt;/td&gt;
		&lt;td&gt;1&lt;/td&gt;
	&lt;/tr&gt;
&lt;/table&gt;
</content>
    <relativePageName>TestTest</relativePageName>
  </result>
  <executionLog>
    <testSystem>fit:fit.FitServer</testSystem>
    <command>java -cp D:\studies\sem5\io_lab\autobus\kod\SystemInformacyjnyFitnesse\build\classes;D:\studies\sem5\io_lab\autobus\kod\TestyFitnesse\fitnesse-standalone.jar fit.FitServer LAPTOP-2LP81CLG 56831 3863</command>
    <exitCode>2</exitCode>
    <stdOut></stdOut>
    <stdErr></stdErr>
  </executionLog>
  <finalCounts>
    <right>0</right>
    <wrong>0</wrong>
    <ignores>0</ignores>
    <exceptions>1</exceptions>
  </finalCounts>
  <totalRunTimeInMillis>407</totalRunTimeInMillis>
</testResults>

