<?xml version="1.0"?>
<testResults>
  <FitNesseVersion>v20231203</FitNesseVersion>
  <rootPath>SystemInformacyjny.TestAktualizacjaOpoznienia</rootPath>
  <result>
    <counts>
      <right>2</right>
      <wrong>1</wrong>
      <ignores>0</ignores>
      <exceptions>0</exceptions>
    </counts>
    <date>2024-01-22T17:03:31+01:00</date>
    <runTimeInMillis>29</runTimeInMillis>
    <content>&lt;div class="collapsible closed"&gt;&lt;ul&gt;&lt;li&gt;&lt;a href='#' class='expandall'&gt;Expand&lt;/a&gt;&lt;/li&gt;&lt;li&gt;&lt;a href='#' class='collapseall'&gt;Collapse&lt;/a&gt;&lt;/li&gt;&lt;/ul&gt;
	&lt;p class="title"&gt;Included page: &lt;a href="SystemInformacyjny.SetUp"&gt;.SystemInformacyjny.SetUp&lt;/a&gt; &lt;a href="SystemInformacyjny.SetUp?edit&amp;amp;redirectToReferer=true&amp;amp;redirectAction=" class="edit"&gt;(edit)&lt;/a&gt;&lt;/p&gt;
	&lt;div&gt;&lt;div class="contents"&gt;
	&lt;b&gt;Contents:&lt;/b&gt;
	&lt;ul class="toc1"/&gt;
&lt;/div&gt;
&lt;br/&gt;&lt;table&gt;
	&lt;tr&gt;
		&lt;td&gt;testyfitnessefixture.SetUp&lt;/td&gt;
	&lt;/tr&gt;
&lt;/table&gt;
&lt;/div&gt;
&lt;/div&gt;
&lt;br/&gt;&lt;table&gt;
	&lt;tr&gt;
		&lt;td colspan="4"&gt;testyfitnessefixture.TestAktualizacjaOpoznienia&lt;/td&gt;
	&lt;/tr&gt;
	&lt;tr&gt;
		&lt;td&gt;wartoscOpoznienia&lt;/td&gt;
		&lt;td&gt;idLinii&lt;/td&gt;
		&lt;td&gt;idKursu&lt;/td&gt;
		&lt;td&gt;sprawdzenieOpoznienia?&lt;/td&gt;
	&lt;/tr&gt;
	&lt;tr&gt;
		&lt;td&gt;5&lt;/td&gt;
		&lt;td&gt;1&lt;/td&gt;
		&lt;td&gt;2&lt;/td&gt;
		&lt;td class="pass"&gt;5&lt;/td&gt;
	&lt;/tr&gt;
	&lt;tr&gt;
		&lt;td&gt;-10&lt;/td&gt;
		&lt;td&gt;1&lt;/td&gt;
		&lt;td&gt;2&lt;/td&gt;
		&lt;td class="fail"&gt;5 &lt;span class="fit_label"&gt;expected&lt;/span&gt;&lt;hr&gt;-1 &lt;span class="fit_label"&gt;actual&lt;/span&gt;&lt;/td&gt;
	&lt;/tr&gt;
	&lt;tr&gt;
		&lt;td&gt;2&lt;/td&gt;
		&lt;td&gt;1&lt;/td&gt;
		&lt;td&gt;2&lt;/td&gt;
		&lt;td class="pass"&gt;2&lt;/td&gt;
	&lt;/tr&gt;
&lt;/table&gt;
</content>
    <relativePageName>TestAktualizacjaOpoznienia</relativePageName>
  </result>
  <executionLog>
    <testSystem>fit:fit.FitServer</testSystem>
    <command>java -cp ../SystemInformacyjnyFitnesse/build/classes;D:\studies\sem5\io_lab\autobus\kod\fitnesse-jar\fitnesse-standalone.jar fit.FitServer LAPTOP-2LP81CLG 49187 3863</command>
    <exitCode>1</exitCode>
    <stdOut></stdOut>
    <stdErr></stdErr>
  </executionLog>
  <finalCounts>
    <right>0</right>
    <wrong>1</wrong>
    <ignores>0</ignores>
    <exceptions>0</exceptions>
  </finalCounts>
  <totalRunTimeInMillis>395</totalRunTimeInMillis>
</testResults>

